Consumption (kWh),Start,End,Price
0.31100000000000000000,2023-08-09T00:30:00+01:00,2023-08-09T01:00:00+01:00,13.93
0.22600000000000000000,2023-08-09T01:00:00+01:00,2023-08-09T01:30:00+01:00,13.85
0.22800000000000000000,2023-08-09T01:30:00+01:00,2023-08-09T02:00:00+01:00,10.94
0.21800000000000000000,2023-08-09T02:00:00+01:00,2023-08-09T02:30:00+01:00,10.04
0.20200000000000000000,2023-08-09T02:30:00+01:00,2023-08-09T03:00:00+01:00,11.99
0.21700000000000000000,2023-08-09T03:00:00+01:00,2023-08-09T03:30:00+01:00,12.35
0.21400000000000000000,2023-08-09T03:30:00+01:00,2023-08-09T04:00:00+01:00,13.07
0.24300000000000000000,2023-08-09T04:00:00+01:00,2023-08-09T04:30:00+01:00,13.41
0.20600000000000000000,2023-08-09T04:30:00+01:00,2023-08-09T05:00:00+01:00,14.77
0.22500000000000000000,2023-08-09T05:00:00+01:00,2023-08-09T05:30:00+01:00,14.25
0.22000000000000000000,2023-08-09T05:30:00+01:00,2023-08-09T06:00:00+01:00,15.88
0.25800000000000000000,2023-08-09T06:00:00+01:00,2023-08-09T06:30:00+01:00,14.73
0.23100000000000000000,2023-08-09T06:30:00+01:00,2023-08-09T07:00:00+01:00,12.15
0.22100000000000000000,2023-08-09T07:00:00+01:00,2023-08-09T07:30:00+01:00,18.34
0.32200000000000000000,2023-08-09T07:30:00+01:00,2023-08-09T08:00:00+01:00,16.98
0.32200000000000000000,2023-08-09T08:00:00+01:00,2023-08-09T08:30:00+01:00,18.66
0.31600000000000000000,2023-08-09T08:30:00+01:00,2023-08-09T09:00:00+01:00,18.34
0.30000000000000000000,2023-08-09T09:00:00+01:00,2023-08-09T09:30:00+01:00,17.82
0.49800000000000000000,2023-08-09T09:30:00+01:00,2023-08-09T10:00:00+01:00,17.26
0.72000000000000000000,2023-08-09T10:00:00+01:00,2023-08-09T10:30:00+01:00,16.67
0.39700000000000000000,2023-08-09T10:30:00+01:00,2023-08-09T11:00:00+01:00,16.86
0.56000000000000000000,2023-08-09T11:00:00+01:00,2023-08-09T11:30:00+01:00,16.1
0.99600000000000000000,2023-08-09T11:30:00+01:00,2023-08-09T12:00:00+01:00,17.38
0.39500000000000000000,2023-08-09T12:00:00+01:00,2023-08-09T12:30:00+01:00,15.72
0.28000000000000000000,2023-08-09T12:30:00+01:00,2023-08-09T13:00:00+01:00,15.54
0.43000000000000000000,2023-08-09T13:00:00+01:00,2023-08-09T13:30:00+01:00,14.01
0.35700000000000000000,2023-08-09T13:30:00+01:00,2023-08-09T14:00:00+01:00,14.25
0.30400000000000000000,2023-08-09T14:00:00+01:00,2023-08-09T14:30:00+01:00,13.37
0.30200000000000000000,2023-08-09T14:30:00+01:00,2023-08-09T15:00:00+01:00,13.23
0.25100000000000000000,2023-08-09T15:00:00+01:00,2023-08-09T15:30:00+01:00,13.31
0.49400000000000000000,2023-08-09T15:30:00+01:00,2023-08-09T16:00:00+01:00,27.81
0.57100000000000000000,2023-08-09T16:00:00+01:00,2023-08-09T16:30:00+01:00,31.3
0.30200000000000000000,2023-08-09T16:30:00+01:00,2023-08-09T17:00:00+01:00,29.66
0.34400000000000000000,2023-08-09T17:00:00+01:00,2023-08-09T17:30:00+01:00,31.04
0.34600000000000000000,2023-08-09T17:30:00+01:00,2023-08-09T18:00:00+01:00,33.06
0.45100000000000000000,2023-08-09T18:00:00+01:00,2023-08-09T18:30:00+01:00,33.77
0.33200000000000000000,2023-08-09T18:30:00+01:00,2023-08-09T19:00:00+01:00,22.05
0.30400000000000000000,2023-08-09T19:00:00+01:00,2023-08-09T19:30:00+01:00,21.39
0.28000000000000000000,2023-08-09T19:30:00+01:00,2023-08-09T20:00:00+01:00,22.05
0.32000000000000000000,2023-08-09T20:00:00+01:00,2023-08-09T20:30:00+01:00,21.87
0.32500000000000000000,2023-08-09T20:30:00+01:00,2023-08-09T21:00:00+01:00,22.93
0.40500000000000000000,2023-08-09T21:00:00+01:00,2023-08-09T21:30:00+01:00,19.23
0.36200000000000000000,2023-08-09T21:30:00+01:00,2023-08-09T22:00:00+01:00,19.05
0.31700000000000000000,2023-08-09T22:00:00+01:00,2023-08-09T22:30:00+01:00,13.89
0.26300000000000000000,2023-08-09T22:30:00+01:00,2023-08-09T23:00:00+01:00,16.32
0.25700000000000000000,2023-08-09T23:00:00+01:00,2023-08-09T23:30:00+01:00,17.22
0.21800000000000000000,2023-08-09T23:30:00+01:00,2023-08-10T00:00:00+01:00,15.17
0.23100000000000000000,2023-08-10T00:00:00+01:00,2023-08-10T00:30:00+01:00,13.81
0.23400000000000000000,2023-08-10T00:30:00+01:00,2023-08-10T01:00:00+01:00,13.67
0.25200000000000000000,2023-08-10T01:00:00+01:00,2023-08-10T01:30:00+01:00,13.67
0.22500000000000000000,2023-08-10T01:30:00+01:00,2023-08-10T02:00:00+01:00,12.81
0.21300000000000000000,2023-08-10T02:00:00+01:00,2023-08-10T02:30:00+01:00,12.39
0.30700000000000000000,2023-08-10T02:30:00+01:00,2023-08-10T03:00:00+01:00,13.7
0.30800000000000000000,2023-08-10T03:00:00+01:00,2023-08-10T03:30:00+01:00,13.01
0.35700000000000000000,2023-08-10T03:30:00+01:00,2023-08-10T04:00:00+01:00,15.09
0.25100000000000000000,2023-08-10T04:00:00+01:00,2023-08-10T04:30:00+01:00,15.81
0.24700000000000000000,2023-08-10T04:30:00+01:00,2023-08-10T05:00:00+01:00,17.64
0.23300000000000000000,2023-08-10T05:00:00+01:00,2023-08-10T05:30:00+01:00,16.54
0.24200000000000000000,2023-08-10T05:30:00+01:00,2023-08-10T06:00:00+01:00,17.64
0.25200000000000000000,2023-08-10T06:00:00+01:00,2023-08-10T06:30:00+01:00,19.18
0.24300000000000000000,2023-08-10T06:30:00+01:00,2023-08-10T07:00:00+01:00,16.76
0.23000000000000000000,2023-08-10T07:00:00+01:00,2023-08-10T07:30:00+01:00,21.59
0.29300000000000000000,2023-08-10T07:30:00+01:00,2023-08-10T08:00:00+01:00,18.68
0.44800000000000000000,2023-08-10T08:00:00+01:00,2023-08-10T08:30:00+01:00,19.85
0.40900000000000000000,2023-08-10T08:30:00+01:00,2023-08-10T09:00:00+01:00,18.08
0.57900000000000000000,2023-08-10T09:00:00+01:00,2023-08-10T09:30:00+01:00,16.54
0.49400000000000000000,2023-08-10T09:30:00+01:00,2023-08-10T10:00:00+01:00,15.92
0.35100000000000000000,2023-08-10T10:00:00+01:00,2023-08-10T10:30:00+01:00,14.33
0.38200000000000000000,2023-08-10T10:30:00+01:00,2023-08-10T11:00:00+01:00,13.92
1.0010000000000000,2023-08-10T11:00:00+01:00,2023-08-10T11:30:00+01:00,15.04
0.74400000000000000000,2023-08-10T11:30:00+01:00,2023-08-10T12:00:00+01:00,14.58
0.80500000000000000000,2023-08-10T12:00:00+01:00,2023-08-10T12:30:00+01:00,14.33
0.39800000000000000000,2023-08-10T12:30:00+01:00,2023-08-10T13:00:00+01:00,15.94
0.30900000000000000000,2023-08-10T13:00:00+01:00,2023-08-10T13:30:00+01:00,14.49
0.66100000000000000000,2023-08-10T13:30:00+01:00,2023-08-10T14:00:00+01:00,15.44
0.69300000000000000000,2023-08-10T14:00:00+01:00,2023-08-10T14:30:00+01:00,16.76
0.39400000000000000000,2023-08-10T14:30:00+01:00,2023-08-10T15:00:00+01:00,17.94
0.26100000000000000000,2023-08-10T15:00:00+01:00,2023-08-10T15:30:00+01:00,19.56
0.27000000000000000000,2023-08-10T15:30:00+01:00,2023-08-10T16:00:00+01:00,31.19
0.44000000000000000000,2023-08-10T16:00:00+01:00,2023-08-10T16:30:00+01:00,33.33
0.64600000000000000000,2023-08-10T16:30:00+01:00,2023-08-10T17:00:00+01:00,34.55
0.31200000000000000000,2023-08-10T17:00:00+01:00,2023-08-10T17:30:00+01:00,38.7
0.34800000000000000000,2023-08-10T17:30:00+01:00,2023-08-10T18:00:00+01:00,37.96
0.33000000000000000000,2023-08-10T18:00:00+01:00,2023-08-10T18:30:00+01:00,37.84
0.33400000000000000000,2023-08-10T18:30:00+01:00,2023-08-10T19:00:00+01:00,25.36
0.31000000000000000000,2023-08-10T19:00:00+01:00,2023-08-10T19:30:00+01:00,24.48
0.31200000000000000000,2023-08-10T19:30:00+01:00,2023-08-10T20:00:00+01:00,24.26
0.28600000000000000000,2023-08-10T20:00:00+01:00,2023-08-10T20:30:00+01:00,23.81
0.31600000000000000000,2023-08-10T20:30:00+01:00,2023-08-10T21:00:00+01:00,24.54
0.34200000000000000000,2023-08-10T21:00:00+01:00,2023-08-10T21:30:00+01:00,21.53
0.35500000000000000000,2023-08-10T21:30:00+01:00,2023-08-10T22:00:00+01:00,20.51
0.35900000000000000000,2023-08-10T22:00:00+01:00,2023-08-10T22:30:00+01:00,18.74
0.37000000000000000000,2023-08-10T22:30:00+01:00,2023-08-10T23:00:00+01:00,21.39
0.27700000000000000000,2023-08-10T23:00:00+01:00,2023-08-10T23:30:00+01:00,21.39
0.26000000000000000000,2023-08-10T23:30:00+01:00,2023-08-11T00:00:00+01:00,22.05
0.26300000000000000000,2023-08-11T00:00:00+01:00,2023-08-11T00:30:00+01:00,18.42
0.23000000000000000000,2023-08-11T00:30:00+01:00,2023-08-11T01:00:00+01:00,18.52
0.20000000000000000000,2023-08-11T01:00:00+01:00,2023-08-11T01:30:00+01:00,17.9
0.24600000000000000000,2023-08-11T01:30:00+01:00,2023-08-11T02:00:00+01:00,17.7
0.22600000000000000000,2023-08-11T02:00:00+01:00,2023-08-11T02:30:00+01:00,16.42
0.21600000000000000000,2023-08-11T02:30:00+01:00,2023-08-11T03:00:00+01:00,15.88
0.24700000000000000000,2023-08-11T03:00:00+01:00,2023-08-11T03:30:00+01:00,15.88
0.22100000000000000000,2023-08-11T03:30:00+01:00,2023-08-11T04:00:00+01:00,17.28
0.22100000000000000000,2023-08-11T04:00:00+01:00,2023-08-11T04:30:00+01:00,16.94
0.22200000000000000000,2023-08-11T04:30:00+01:00,2023-08-11T05:00:00+01:00,18.83
0.24700000000000000000,2023-08-11T05:00:00+01:00,2023-08-11T05:30:00+01:00,20.95
0.28600000000000000000,2023-08-11T05:30:00+01:00,2023-08-11T06:00:00+01:00,20.07
0.31900000000000000000,2023-08-11T06:00:00+01:00,2023-08-11T06:30:00+01:00,22.93
0.44200000000000000000,2023-08-11T06:30:00+01:00,2023-08-11T07:00:00+01:00,19.23
0.36400000000000000000,2023-08-11T07:00:00+01:00,2023-08-11T07:30:00+01:00,23.04
0.34200000000000000000,2023-08-11T07:30:00+01:00,2023-08-11T08:00:00+01:00,19.85
0.29300000000000000000,2023-08-11T08:00:00+01:00,2023-08-11T08:30:00+01:00,20.29
0.37000000000000000000,2023-08-11T08:30:00+01:00,2023-08-11T09:00:00+01:00,18.42
0.30900000000000000000,2023-08-11T09:00:00+01:00,2023-08-11T09:30:00+01:00,17.04
0.31100000000000000000,2023-08-11T09:30:00+01:00,2023-08-11T10:00:00+01:00,16.76
0.30900000000000000000,2023-08-11T10:00:00+01:00,2023-08-11T10:30:00+01:00,16.1
0.37900000000000000000,2023-08-11T10:30:00+01:00,2023-08-11T11:00:00+01:00,16.1
0.53100000000000000000,2023-08-11T11:00:00+01:00,2023-08-11T11:30:00+01:00,16.01
0.28800000000000000000,2023-08-11T11:30:00+01:00,2023-08-11T12:00:00+01:00,15.9
0.27600000000000000000,2023-08-11T12:00:00+01:00,2023-08-11T12:30:00+01:00,15.88
0.30400000000000000000,2023-08-11T12:30:00+01:00,2023-08-11T13:00:00+01:00,15.88
0.28900000000000000000,2023-08-11T13:00:00+01:00,2023-08-11T13:30:00+01:00,15.44
0.36000000000000000000,2023-08-11T13:30:00+01:00,2023-08-11T14:00:00+01:00,15.88
0.43400000000000000000,2023-08-11T14:00:00+01:00,2023-08-11T14:30:00+01:00,15.44
0.41200000000000000000,2023-08-11T14:30:00+01:00,2023-08-11T15:00:00+01:00,15.44
0.31100000000000000000,2023-08-11T15:00:00+01:00,2023-08-11T15:30:00+01:00,15.88
0.28700000000000000000,2023-08-11T15:30:00+01:00,2023-08-11T16:00:00+01:00,30
0.27800000000000000000,2023-08-11T16:00:00+01:00,2023-08-11T16:30:00+01:00,31.98
0.50700000000000000000,2023-08-11T16:30:00+01:00,2023-08-11T17:00:00+01:00,32.45
0.33500000000000000000,2023-08-11T17:00:00+01:00,2023-08-11T17:30:00+01:00,33.59
0.37900000000000000000,2023-08-11T17:30:00+01:00,2023-08-11T18:00:00+01:00,33.41
0.33900000000000000000,2023-08-11T18:00:00+01:00,2023-08-11T18:30:00+01:00,32.71
0.38600000000000000000,2023-08-11T18:30:00+01:00,2023-08-11T19:00:00+01:00,26.46
0.34000000000000000000,2023-08-11T19:00:00+01:00,2023-08-11T19:30:00+01:00,24.99
0.32200000000000000000,2023-08-11T19:30:00+01:00,2023-08-11T20:00:00+01:00,23.99
0.33200000000000000000,2023-08-11T20:00:00+01:00,2023-08-11T20:30:00+01:00,23.29
0.34500000000000000000,2023-08-11T20:30:00+01:00,2023-08-11T21:00:00+01:00,23.81
0.34500000000000000000,2023-08-11T21:00:00+01:00,2023-08-11T21:30:00+01:00,19.62
0.32700000000000000000,2023-08-11T21:30:00+01:00,2023-08-11T22:00:00+01:00,21.61
0.44800000000000000000,2023-08-11T22:00:00+01:00,2023-08-11T22:30:00+01:00,16.1
0.35800000000000000000,2023-08-11T22:30:00+01:00,2023-08-11T23:00:00+01:00,17.64
0.34700000000000000000,2023-08-11T23:00:00+01:00,2023-08-11T23:30:00+01:00,20.37
0.27500000000000000000,2023-08-11T23:30:00+01:00,2023-08-12T00:00:00+01:00,20.07
0.25300000000000000000,2023-08-12T00:00:00+01:00,2023-08-12T00:30:00+01:00,18.34
0.22300000000000000000,2023-08-12T00:30:00+01:00,2023-08-12T01:00:00+01:00,19.62
0.22900000000000000000,2023-08-12T01:00:00+01:00,2023-08-12T01:30:00+01:00,18.36
0.24500000000000000000,2023-08-12T01:30:00+01:00,2023-08-12T02:00:00+01:00,16.76
0.22100000000000000000,2023-08-12T02:00:00+01:00,2023-08-12T02:30:00+01:00,15.8
0.23100000000000000000,2023-08-12T02:30:00+01:00,2023-08-12T03:00:00+01:00,16.18
0.24100000000000000000,2023-08-12T03:00:00+01:00,2023-08-12T03:30:00+01:00,15.17
0.23900000000000000000,2023-08-12T03:30:00+01:00,2023-08-12T04:00:00+01:00,16.76
0.21900000000000000000,2023-08-12T04:00:00+01:00,2023-08-12T04:30:00+01:00,16.1
0.25100000000000000000,2023-08-12T04:30:00+01:00,2023-08-12T05:00:00+01:00,17.38
0.27300000000000000000,2023-08-12T05:00:00+01:00,2023-08-12T05:30:00+01:00,18.59
0.23900000000000000000,2023-08-12T05:30:00+01:00,2023-08-12T06:00:00+01:00,19.18
0.23000000000000000000,2023-08-12T06:00:00+01:00,2023-08-12T06:30:00+01:00,21.79
0.26500000000000000000,2023-08-12T06:30:00+01:00,2023-08-12T07:00:00+01:00,20.71
0.31100000000000000000,2023-08-12T07:00:00+01:00,2023-08-12T07:30:00+01:00,24.7
0.23500000000000000000,2023-08-12T07:30:00+01:00,2023-08-12T08:00:00+01:00,21.83
0.23800000000000000000,2023-08-12T08:00:00+01:00,2023-08-12T08:30:00+01:00,23.51
0.30300000000000000000,2023-08-12T08:30:00+01:00,2023-08-12T09:00:00+01:00,21.39
0.27100000000000000000,2023-08-12T09:00:00+01:00,2023-08-12T09:30:00+01:00,19.93
0.27700000000000000000,2023-08-12T09:30:00+01:00,2023-08-12T10:00:00+01:00,17.34
0.34800000000000000000,2023-08-12T10:00:00+01:00,2023-08-12T10:30:00+01:00,15.39
0.29200000000000000000,2023-08-12T10:30:00+01:00,2023-08-12T11:00:00+01:00,16.1
0.64000000000000000000,2023-08-12T11:00:00+01:00,2023-08-12T11:30:00+01:00,16.76
1.0750000000000000,2023-08-12T11:30:00+01:00,2023-08-12T12:00:00+01:00,14.55
1.2430000000000000,2023-08-12T12:00:00+01:00,2023-08-12T12:30:00+01:00,13.23
0.94200000000000000000,2023-08-12T12:30:00+01:00,2023-08-12T13:00:00+01:00,13.89
0.60600000000000000000,2023-08-12T13:00:00+01:00,2023-08-12T13:30:00+01:00,11.27
0.43400000000000000000,2023-08-12T13:30:00+01:00,2023-08-12T14:00:00+01:00,14.29
0.92100000000000000000,2023-08-12T14:00:00+01:00,2023-08-12T14:30:00+01:00,13.23
0.60000000000000000000,2023-08-12T14:30:00+01:00,2023-08-12T15:00:00+01:00,14.6
0.33200000000000000000,2023-08-12T15:00:00+01:00,2023-08-12T15:30:00+01:00,15.21
0.33100000000000000000,2023-08-12T15:30:00+01:00,2023-08-12T16:00:00+01:00,29.8
0.71700000000000000000,2023-08-12T16:00:00+01:00,2023-08-12T16:30:00+01:00,30.58
0.37000000000000000000,2023-08-12T16:30:00+01:00,2023-08-12T17:00:00+01:00,31.83
0.32200000000000000000,2023-08-12T17:00:00+01:00,2023-08-12T17:30:00+01:00,32.45
0.37200000000000000000,2023-08-12T17:30:00+01:00,2023-08-12T18:00:00+01:00,34.84
0.27600000000000000000,2023-08-12T18:00:00+01:00,2023-08-12T18:30:00+01:00,36.46
0.28200000000000000000,2023-08-12T18:30:00+01:00,2023-08-12T19:00:00+01:00,23.46
0.36900000000000000000,2023-08-12T19:00:00+01:00,2023-08-12T19:30:00+01:00,22.93
0.31700000000000000000,2023-08-12T19:30:00+01:00,2023-08-12T20:00:00+01:00,22.58
0.31100000000000000000,2023-08-12T20:00:00+01:00,2023-08-12T20:30:00+01:00,22.49
0.25000000000000000000,2023-08-12T20:30:00+01:00,2023-08-12T21:00:00+01:00,22.25
0.31000000000000000000,2023-08-12T21:00:00+01:00,2023-08-12T21:30:00+01:00,20.51
0.34700000000000000000,2023-08-12T21:30:00+01:00,2023-08-12T22:00:00+01:00,19.62
0.36500000000000000000,2023-08-12T22:00:00+01:00,2023-08-12T22:30:00+01:00,16.65
0.32100000000000000000,2023-08-12T22:30:00+01:00,2023-08-12T23:00:00+01:00,17.64
0.30600000000000000000,2023-08-12T23:00:00+01:00,2023-08-12T23:30:00+01:00,17.54
0.34200000000000000000,2023-08-12T23:30:00+01:00,2023-08-13T00:00:00+01:00,18.12
0.34100000000000000000,2023-08-13T00:00:00+01:00,2023-08-13T00:30:00+01:00,17.86
0.32100000000000000000,2023-08-13T00:30:00+01:00,2023-08-13T01:00:00+01:00,17.02
0.30700000000000000000,2023-08-13T01:00:00+01:00,2023-08-13T01:30:00+01:00,17.64
0.31800000000000000000,2023-08-13T01:30:00+01:00,2023-08-13T02:00:00+01:00,17.2
0.23600000000000000000,2023-08-13T02:00:00+01:00,2023-08-13T02:30:00+01:00,16.32
0.21700000000000000000,2023-08-13T02:30:00+01:00,2023-08-13T03:00:00+01:00,16.76
0.21800000000000000000,2023-08-13T03:00:00+01:00,2023-08-13T03:30:00+01:00,16.76
0.24200000000000000000,2023-08-13T03:30:00+01:00,2023-08-13T04:00:00+01:00,16.65
0.22600000000000000000,2023-08-13T04:00:00+01:00,2023-08-13T04:30:00+01:00,16.32
0.21500000000000000000,2023-08-13T04:30:00+01:00,2023-08-13T05:00:00+01:00,16.86
0.30200000000000000000,2023-08-13T05:00:00+01:00,2023-08-13T05:30:00+01:00,17.5
0.39500000000000000000,2023-08-13T05:30:00+01:00,2023-08-13T06:00:00+01:00,18.83
0.33700000000000000000,2023-08-13T06:00:00+01:00,2023-08-13T06:30:00+01:00,19.85
0.23300000000000000000,2023-08-13T06:30:00+01:00,2023-08-13T07:00:00+01:00,17.56
0.24300000000000000000,2023-08-13T07:00:00+01:00,2023-08-13T07:30:00+01:00,19.85
0.25000000000000000000,2023-08-13T07:30:00+01:00,2023-08-13T08:00:00+01:00,16.67
0.22600000000000000000,2023-08-13T08:00:00+01:00,2023-08-13T08:30:00+01:00,16.67
0.28200000000000000000,2023-08-13T08:30:00+01:00,2023-08-13T09:00:00+01:00,15.06
0.34300000000000000000,2023-08-13T09:00:00+01:00,2023-08-13T09:30:00+01:00,14.6
0.46500000000000000000,2023-08-13T09:30:00+01:00,2023-08-13T10:00:00+01:00,12.35
0.25200000000000000000,2023-08-13T10:00:00+01:00,2023-08-13T10:30:00+01:00,10.8
0.30100000000000000000,2023-08-13T10:30:00+01:00,2023-08-13T11:00:00+01:00,10.14
0.29500000000000000000,2023-08-13T11:00:00+01:00,2023-08-13T11:30:00+01:00,8.82
0.27500000000000000000,2023-08-13T11:30:00+01:00,2023-08-13T12:00:00+01:00,5.67
0.26200000000000000000,2023-08-13T12:00:00+01:00,2023-08-13T12:30:00+01:00,5.25
0.27800000000000000000,2023-08-13T12:30:00+01:00,2023-08-13T13:00:00+01:00,4.71
0.42300000000000000000,2023-08-13T13:00:00+01:00,2023-08-13T13:30:00+01:00,0.08
0.87200000000000000000,2023-08-13T13:30:00+01:00,2023-08-13T14:00:00+01:00,1.3
0.78800000000000000000,2023-08-13T14:00:00+01:00,2023-08-13T14:30:00+01:00,0.46
0.26700000000000000000,2023-08-13T14:30:00+01:00,2023-08-13T15:00:00+01:00,5.07
0.37100000000000000000,2023-08-13T15:00:00+01:00,2023-08-13T15:30:00+01:00,4.19
0.30600000000000000000,2023-08-13T15:30:00+01:00,2023-08-13T16:00:00+01:00,21.78
0.32300000000000000000,2023-08-13T16:00:00+01:00,2023-08-13T16:30:00+01:00,26.71
0.31700000000000000000,2023-08-13T16:30:00+01:00,2023-08-13T17:00:00+01:00,27.15
0.27600000000000000000,2023-08-13T17:00:00+01:00,2023-08-13T17:30:00+01:00,31.46
0.53100000000000000000,2023-08-13T17:30:00+01:00,2023-08-13T18:00:00+01:00,32.69
0.29000000000000000000,2023-08-13T18:00:00+01:00,2023-08-13T18:30:00+01:00,32.45
0.32100000000000000000,2023-08-13T18:30:00+01:00,2023-08-13T19:00:00+01:00,20.46
0.30900000000000000000,2023-08-13T19:00:00+01:00,2023-08-13T19:30:00+01:00,19.17
0.33300000000000000000,2023-08-13T19:30:00+01:00,2023-08-13T20:00:00+01:00,18.86
0.31900000000000000000,2023-08-13T20:00:00+01:00,2023-08-13T20:30:00+01:00,20.51
0.32300000000000000000,2023-08-13T20:30:00+01:00,2023-08-13T21:00:00+01:00,22.93
0.28200000000000000000,2023-08-13T21:00:00+01:00,2023-08-13T21:30:00+01:00,18
0.31000000000000000000,2023-08-13T21:30:00+01:00,2023-08-13T22:00:00+01:00,20.07
0.31000000000000000000,2023-08-13T22:00:00+01:00,2023-08-13T22:30:00+01:00,18.08
0.30600000000000000000,2023-08-13T22:30:00+01:00,2023-08-13T23:00:00+01:00,16.32
0.27400000000000000000,2023-08-13T23:00:00+01:00,2023-08-13T23:30:00+01:00,17.64
0.21600000000000000000,2023-08-13T23:30:00+01:00,2023-08-14T00:00:00+01:00,16.54
0.21300000000000000000,2023-08-14T00:00:00+01:00,2023-08-14T00:30:00+01:00,17.46
0.21100000000000000000,2023-08-14T00:30:00+01:00,2023-08-14T01:00:00+01:00,15.88
0.24200000000000000000,2023-08-14T01:00:00+01:00,2023-08-14T01:30:00+01:00,15.88
0.21700000000000000000,2023-08-14T01:30:00+01:00,2023-08-14T02:00:00+01:00,15.17
0.81200000000000000000,2023-08-14T02:00:00+01:00,2023-08-14T02:30:00+01:00,15.17
0.23300000000000000000,2023-08-14T02:30:00+01:00,2023-08-14T03:00:00+01:00,15.17
0.28000000000000000000,2023-08-14T03:00:00+01:00,2023-08-14T03:30:00+01:00,14.55
0.21100000000000000000,2023-08-14T03:30:00+01:00,2023-08-14T04:00:00+01:00,15.17
0.21400000000000000000,2023-08-14T04:00:00+01:00,2023-08-14T04:30:00+01:00,15.17
0.20900000000000000000,2023-08-14T04:30:00+01:00,2023-08-14T05:00:00+01:00,15.7
0.26100000000000000000,2023-08-14T05:00:00+01:00,2023-08-14T05:30:00+01:00,16.05
0.21600000000000000000,2023-08-14T05:30:00+01:00,2023-08-14T06:00:00+01:00,16.5
0.22300000000000000000,2023-08-14T06:00:00+01:00,2023-08-14T06:30:00+01:00,17.64
0.21700000000000000000,2023-08-14T06:30:00+01:00,2023-08-14T07:00:00+01:00,13.23
0.26700000000000000000,2023-08-14T07:00:00+01:00,2023-08-14T07:30:00+01:00,16.08
0.27100000000000000000,2023-08-14T07:30:00+01:00,2023-08-14T08:00:00+01:00,11.77
0.21800000000000000000,2023-08-14T08:00:00+01:00,2023-08-14T08:30:00+01:00,13.45
0.21300000000000000000,2023-08-14T08:30:00+01:00,2023-08-14T09:00:00+01:00,14.11
0.27700000000000000000,2023-08-14T09:00:00+01:00,2023-08-14T09:30:00+01:00,14.99
0.29600000000000000000,2023-08-14T09:30:00+01:00,2023-08-14T10:00:00+01:00,14.11
0.35600000000000000000,2023-08-14T10:00:00+01:00,2023-08-14T10:30:00+01:00,14.11
0.43100000000000000000,2023-08-14T10:30:00+01:00,2023-08-14T11:00:00+01:00,14.33
0.45700000000000000000,2023-08-14T11:00:00+01:00,2023-08-14T11:30:00+01:00,13.23
0.28900000000000000000,2023-08-14T11:30:00+01:00,2023-08-14T12:00:00+01:00,15.81
0.29000000000000000000,2023-08-14T12:00:00+01:00,2023-08-14T12:30:00+01:00,14.99
0.86000000000000000000,2023-08-14T12:30:00+01:00,2023-08-14T13:00:00+01:00,11.67
0.48900000000000000000,2023-08-14T13:00:00+01:00,2023-08-14T13:30:00+01:00,10.87
0.43000000000000000000,2023-08-14T13:30:00+01:00,2023-08-14T14:00:00+01:00,10.36
0.28400000000000000000,2023-08-14T14:00:00+01:00,2023-08-14T14:30:00+01:00,10.32
0.27100000000000000000,2023-08-14T14:30:00+01:00,2023-08-14T15:00:00+01:00,9.18
0.28600000000000000000,2023-08-14T15:00:00+01:00,2023-08-14T15:30:00+01:00,11.47
0.30600000000000000000,2023-08-14T15:30:00+01:00,2023-08-14T16:00:00+01:00,24.29
0.56900000000000000000,2023-08-14T16:00:00+01:00,2023-08-14T16:30:00+01:00,25.73
0.35600000000000000000,2023-08-14T16:30:00+01:00,2023-08-14T17:00:00+01:00,27.44
0.32900000000000000000,2023-08-14T17:00:00+01:00,2023-08-14T17:30:00+01:00,24.37
0.31800000000000000000,2023-08-14T17:30:00+01:00,2023-08-14T18:00:00+01:00,32.47
0.40900000000000000000,2023-08-14T18:00:00+01:00,2023-08-14T18:30:00+01:00,30.68
0.36800000000000000000,2023-08-14T18:30:00+01:00,2023-08-14T19:00:00+01:00,21.53
0.27900000000000000000,2023-08-14T19:00:00+01:00,2023-08-14T19:30:00+01:00,20.53
0.29900000000000000000,2023-08-14T19:30:00+01:00,2023-08-14T20:00:00+01:00,22.11
0.33400000000000000000,2023-08-14T20:00:00+01:00,2023-08-14T20:30:00+01:00,22.29
0.30200000000000000000,2023-08-14T20:30:00+01:00,2023-08-14T21:00:00+01:00,22.58
0.29100000000000000000,2023-08-14T21:00:00+01:00,2023-08-14T21:30:00+01:00,21.15
0.33000000000000000000,2023-08-14T21:30:00+01:00,2023-08-14T22:00:00+01:00,21.17
0.31700000000000000000,2023-08-14T22:00:00+01:00,2023-08-14T22:30:00+01:00,17.34
0.31800000000000000000,2023-08-14T22:30:00+01:00,2023-08-14T23:00:00+01:00,19.12
0.30500000000000000000,2023-08-14T23:00:00+01:00,2023-08-14T23:30:00+01:00,18.5
0.83900000000000000000,2023-08-14T23:30:00+01:00,2023-08-15T00:00:00+01:00,17.94
0.38000000000000000000,2023-08-15T00:00:00+01:00,2023-08-15T00:30:00+01:00,16.74
0.25800000000000000000,2023-08-15T00:30:00+01:00,2023-08-15T01:00:00+01:00,16.58
0.22000000000000000000,2023-08-15T01:00:00+01:00,2023-08-15T01:30:00+01:00,16.74
0.23800000000000000000,2023-08-15T01:30:00+01:00,2023-08-15T02:00:00+01:00,15.66
0.22200000000000000000,2023-08-15T02:00:00+01:00,2023-08-15T02:30:00+01:00,15.21
0.21200000000000000000,2023-08-15T02:30:00+01:00,2023-08-15T03:00:00+01:00,15.39
0.22300000000000000000,2023-08-15T03:00:00+01:00,2023-08-15T03:30:00+01:00,15.33
0.24400000000000000000,2023-08-15T03:30:00+01:00,2023-08-15T04:00:00+01:00,15.66
0.20800000000000000000,2023-08-15T04:00:00+01:00,2023-08-15T04:30:00+01:00,15.52
0.22100000000000000000,2023-08-15T04:30:00+01:00,2023-08-15T05:00:00+01:00,17.28
0.23900000000000000000,2023-08-15T05:00:00+01:00,2023-08-15T05:30:00+01:00,17.88
0.26000000000000000000,2023-08-15T05:30:00+01:00,2023-08-15T06:00:00+01:00,18.04
0.22900000000000000000,2023-08-15T06:00:00+01:00,2023-08-15T06:30:00+01:00,20.01
0.26900000000000000000,2023-08-15T06:30:00+01:00,2023-08-15T07:00:00+01:00,17.24
0.23200000000000000000,2023-08-15T07:00:00+01:00,2023-08-15T07:30:00+01:00,22.29
0.29000000000000000000,2023-08-15T07:30:00+01:00,2023-08-15T08:00:00+01:00,20.07
0.25700000000000000000,2023-08-15T08:00:00+01:00,2023-08-15T08:30:00+01:00,22.93
0.29300000000000000000,2023-08-15T08:30:00+01:00,2023-08-15T09:00:00+01:00,20.95
0.52100000000000000000,2023-08-15T09:00:00+01:00,2023-08-15T09:30:00+01:00,20.81
0.55700000000000000000,2023-08-15T09:30:00+01:00,2023-08-15T10:00:00+01:00,18.74
0.57700000000000000000,2023-08-15T10:00:00+01:00,2023-08-15T10:30:00+01:00,18.52
0.36200000000000000000,2023-08-15T10:30:00+01:00,2023-08-15T11:00:00+01:00,18.34
0.43300000000000000000,2023-08-15T11:00:00+01:00,2023-08-15T11:30:00+01:00,18.1
0.29900000000000000000,2023-08-15T11:30:00+01:00,2023-08-15T12:00:00+01:00,21.39
0.29800000000000000000,2023-08-15T12:00:00+01:00,2023-08-15T12:30:00+01:00,19.05
0.27300000000000000000,2023-08-15T12:30:00+01:00,2023-08-15T13:00:00+01:00,17.75
0.29600000000000000000,2023-08-15T13:00:00+01:00,2023-08-15T13:30:00+01:00,16.32
0.65900000000000000000,2023-08-15T13:30:00+01:00,2023-08-15T14:00:00+01:00,18.76
0.41800000000000000000,2023-08-15T14:00:00+01:00,2023-08-15T14:30:00+01:00,15.62
0.30200000000000000000,2023-08-15T14:30:00+01:00,2023-08-15T15:00:00+01:00,18.61
0.28000000000000000000,2023-08-15T15:00:00+01:00,2023-08-15T15:30:00+01:00,18.52
0.29100000000000000000,2023-08-15T15:30:00+01:00,2023-08-15T16:00:00+01:00,31.56
0.38500000000000000000,2023-08-15T16:00:00+01:00,2023-08-15T16:30:00+01:00,30.68
0.39300000000000000000,2023-08-15T16:30:00+01:00,2023-08-15T17:00:00+01:00,31.78
0.54200000000000000000,2023-08-15T17:00:00+01:00,2023-08-15T17:30:00+01:00,33.59
0.49300000000000000000,2023-08-15T17:30:00+01:00,2023-08-15T18:00:00+01:00,35.13
0.41900000000000000000,2023-08-15T18:00:00+01:00,2023-08-15T18:30:00+01:00,34.43
0.33700000000000000000,2023-08-15T18:30:00+01:00,2023-08-15T19:00:00+01:00,23.99
0.33100000000000000000,2023-08-15T19:00:00+01:00,2023-08-15T19:30:00+01:00,22.23
0.33700000000000000000,2023-08-15T19:30:00+01:00,2023-08-15T20:00:00+01:00,23.29
0.29000000000000000000,2023-08-15T20:00:00+01:00,2023-08-15T20:30:00+01:00,23.19
0.31300000000000000000,2023-08-15T20:30:00+01:00,2023-08-15T21:00:00+01:00,21.63
0.30800000000000000000,2023-08-15T21:00:00+01:00,2023-08-15T21:30:00+01:00,18.39
0.27600000000000000000,2023-08-15T21:30:00+01:00,2023-08-15T22:00:00+01:00,20.19
0.25800000000000000000,2023-08-15T22:00:00+01:00,2023-08-15T22:30:00+01:00,17.2
0.29600000000000000000,2023-08-15T22:30:00+01:00,2023-08-15T23:00:00+01:00,18.9
0.29400000000000000000,2023-08-15T23:00:00+01:00,2023-08-15T23:30:00+01:00,18.52
0.22300000000000000000,2023-08-15T23:30:00+01:00,2023-08-16T00:00:00+01:00,17.64
0.219,2023-08-16T00:00+01:00,2023-08-16T00:00+01:00,19.404
0.231,2023-08-16T00:30+01:00,2023-08-16T00:30+01:00,17.283
0.225,2023-08-16T01:00+01:00,2023-08-16T01:00+01:00,18.081
0.204,2023-08-16T01:30+01:00,2023-08-16T01:30+01:00,17.4615
0.222,2023-08-16T02:00+01:00,2023-08-16T02:00+01:00,17.8605
0.219,2023-08-16T02:30+01:00,2023-08-16T02:30+01:00,16.758
0.22,2023-08-16T03:00+01:00,2023-08-16T03:00+01:00,16.5375
0.202,2023-08-16T03:30+01:00,2023-08-16T03:30+01:00,16.5375
0.222,2023-08-16T04:00+01:00,2023-08-16T04:00+01:00,17.64
0.223,2023-08-16T04:30+01:00,2023-08-16T04:30+01:00,17.64
0.233,2023-08-16T05:00+01:00,2023-08-16T05:00+01:00,18.3015
0.215,2023-08-16T05:30+01:00,2023-08-16T05:30+01:00,19.6035
0.234,2023-08-16T06:00+01:00,2023-08-16T06:00+01:00,20.181
0.236,2023-08-16T06:30+01:00,2023-08-16T06:30+01:00,22.386
0.22,2023-08-16T07:00+01:00,2023-08-16T07:00+01:00,23.0895
0.219,2023-08-16T07:30+01:00,2023-08-16T07:30+01:00,26.355
0.231,2023-08-16T08:00+01:00,2023-08-16T08:00+01:00,21.609
0.35,2023-08-16T08:30+01:00,2023-08-16T08:30+01:00,22.575
0.396,2023-08-16T09:00+01:00,2023-08-16T09:00+01:00,19.761
0.342,2023-08-16T09:30+01:00,2023-08-16T09:30+01:00,18.2595
0.326,2023-08-16T10:00+01:00,2023-08-16T10:00+01:00,18.2385
0.343,2023-08-16T10:30+01:00,2023-08-16T10:30+01:00,16.5795
0.394,2023-08-16T11:00+01:00,2023-08-16T11:00+01:00,17.4195
0.34,2023-08-16T11:30+01:00,2023-08-16T11:30+01:00,17.64
0.953,2023-08-16T12:00+01:00,2023-08-16T12:00+01:00,16.9365
0.305,2023-08-16T12:30+01:00,2023-08-16T12:30+01:00,16.5375
0.281,2023-08-16T13:00+01:00,2023-08-16T13:00+01:00,16.5375
0.613,2023-08-16T13:30+01:00,2023-08-16T13:30+01:00,15.834
0.314,2023-08-16T14:00+01:00,2023-08-16T14:00+01:00,16.9365
0.279,2023-08-16T14:30+01:00,2023-08-16T14:30+01:00,17.283
0.282,2023-08-16T15:00+01:00,2023-08-16T15:00+01:00,17.283
0.265,2023-08-16T15:30+01:00,2023-08-16T15:30+01:00,17.8815
0.259,2023-08-16T16:00+01:00,2023-08-16T16:00+01:00,32.424
0.298,2023-08-16T16:30+01:00,2023-08-16T16:30+01:00,35.2695
0.592,2023-08-16T17:00+01:00,2023-08-16T17:00+01:00,35.112
0.454,2023-08-16T17:30+01:00,2023-08-16T17:30+01:00,37.9995
0.35,2023-08-16T18:00+01:00,2023-08-16T18:00+01:00,41.265
0.208,2023-08-16T18:30+01:00,2023-08-16T18:30+01:00,41.265
0.32,2023-08-16T19:00+01:00,2023-08-16T19:00+01:00,27.867
0.282,2023-08-16T19:30+01:00,2023-08-16T19:30+01:00,27.342
0.287,2023-08-16T20:00+01:00,2023-08-16T20:00+01:00,27.1635
0.338,2023-08-16T20:30+01:00,2023-08-16T20:30+01:00,27.1635
0.317,2023-08-16T21:00+01:00,2023-08-16T21:00+01:00,26.46
0.328,2023-08-16T21:30+01:00,2023-08-16T21:30+01:00,22.932
0.355,2023-08-16T22:00+01:00,2023-08-16T22:00+01:00,21.987
0.311,2023-08-16T22:30+01:00,2023-08-16T22:30+01:00,19.1835
0.299,2023-08-16T23:00+01:00,2023-08-16T23:00+01:00,19.95
0.335,2023-08-16T23:30+01:00,2023-08-16T23:30+01:00,20.9895
0.361,2023-08-17T00:00+01:00,2023-08-17T00:00+01:00,19.068
0.348,2023-08-17T00:30+01:00,2023-08-17T00:30+01:00,16.317
0.225,2023-08-17T01:00+01:00,2023-08-17T01:00+01:00,18.081
0.246,2023-08-17T01:30+01:00,2023-08-17T01:30+01:00,17.0625
0.208,2023-08-17T02:00+01:00,2023-08-17T02:00+01:00,16.842
0.226,2023-08-17T02:30+01:00,2023-08-17T02:30+01:00,15.918
0.242,2023-08-17T03:00+01:00,2023-08-17T03:00+01:00,15.771
0.231,2023-08-17T03:30+01:00,2023-08-17T03:30+01:00,15.771
0.215,2023-08-17T04:00+01:00,2023-08-17T04:00+01:00,16.1805
0.216,2023-08-17T04:30+01:00,2023-08-17T04:30+01:00,15.393
0.247,2023-08-17T05:00+01:00,2023-08-17T05:00+01:00,15.1725
0.208,2023-08-17T05:30+01:00,2023-08-17T05:30+01:00,16.1175
0.216,2023-08-17T06:00+01:00,2023-08-17T06:00+01:00,16.0965
0.213,2023-08-17T06:30+01:00,2023-08-17T06:30+01:00,20.811
0.228,2023-08-17T07:00+01:00,2023-08-17T07:00+01:00,20.244
0.29,2023-08-17T07:30+01:00,2023-08-17T07:30+01:00,24.696
0.278,2023-08-17T08:00+01:00,2023-08-17T08:00+01:00,20.811
0.327,2023-08-17T08:30+01:00,2023-08-17T08:30+01:00,21.3885
0.342,2023-08-17T09:00+01:00,2023-08-17T09:00+01:00,20.1075
0.339,2023-08-17T09:30+01:00,2023-08-17T09:30+01:00,17.577
0.32,2023-08-17T10:00+01:00,2023-08-17T10:00+01:00,18.102
0.278,2023-08-17T10:30+01:00,2023-08-17T10:30+01:00,15.876
0.295,2023-08-17T11:00+01:00,2023-08-17T11:00+01:00,16.0965
0.295,2023-08-17T11:30+01:00,2023-08-17T11:30+01:00,14.994
1.692,2023-08-17T12:00+01:00,2023-08-17T12:00+01:00,16.0965
1.095,2023-08-17T12:30+01:00,2023-08-17T12:30+01:00,14.3745
0.402,2023-08-17T13:00+01:00,2023-08-17T13:00+01:00,15.372
0.37,2023-08-17T13:30+01:00,2023-08-17T13:30+01:00,14.3325
0.737,2023-08-17T14:00+01:00,2023-08-17T14:00+01:00,15.435
0.585,2023-08-17T14:30+01:00,2023-08-17T14:30+01:00,14.7735
0.461,2023-08-17T15:00+01:00,2023-08-17T15:00+01:00,14.7735
0.949,2023-08-17T15:30+01:00,2023-08-17T15:30+01:00,15.897
0.277,2023-08-17T16:00+01:00,2023-08-17T16:00+01:00,27.4365
0.295,2023-08-17T16:30+01:00,2023-08-17T16:30+01:00,30.24
0.276,2023-08-17T17:00+01:00,2023-08-17T17:00+01:00,31.08
0.342,2023-08-17T17:30+01:00,2023-08-17T17:30+01:00,33.327
0.318,2023-08-17T18:00+01:00,2023-08-17T18:00+01:00,34.9125
0.331,2023-08-17T18:30+01:00,2023-08-17T18:30+01:00,35.091
0.318,2023-08-17T19:00+01:00,2023-08-17T19:00+01:00,23.6355
0.28,2023-08-17T19:30+01:00,2023-08-17T19:30+01:00,22.7115
0.253,2023-08-17T20:00+01:00,2023-08-17T20:00+01:00,22.512
0.298,2023-08-17T20:30+01:00,2023-08-17T20:30+01:00,21.8295
0.307,2023-08-17T21:00+01:00,2023-08-17T21:00+01:00,21.8715
0.298,2023-08-17T21:30+01:00,2023-08-17T21:30+01:00,19.803
0.336,2023-08-17T22:00+01:00,2023-08-17T22:00+01:00,18.7005
0.27,2023-08-17T22:30+01:00,2023-08-17T22:30+01:00,16.212
0.223,2023-08-17T23:00+01:00,2023-08-17T23:00+01:00,17.8605
0.244,2023-08-17T23:30+01:00,2023-08-17T23:30+01:00,18.438
0.212,2023-08-18T00:00+01:00,2023-08-18T00:00+01:00,17.4825
0.222,2023-08-18T00:30+01:00,2023-08-18T00:30+01:00,16.0965
0.226,2023-08-18T01:00+01:00,2023-08-18T01:00+01:00,16.0965
0.216,2023-08-18T01:30+01:00,2023-08-18T01:30+01:00,16.0965
0.825,2023-08-18T02:00+01:00,2023-08-18T02:00+01:00,13.986
0.246,2023-08-18T02:30+01:00,2023-08-18T02:30+01:00,14.7315
0.255,2023-08-18T03:00+01:00,2023-08-18T03:00+01:00,14.616
0.205,2023-08-18T03:30+01:00,2023-08-18T03:30+01:00,14.3325
0.22,2023-08-18T04:00+01:00,2023-08-18T04:00+01:00,15.33
0.233,2023-08-18T04:30+01:00,2023-08-18T04:30+01:00,12.9255
0.235,2023-08-18T05:00+01:00,2023-08-18T05:00+01:00,14.8155
0.232,2023-08-18T05:30+01:00,2023-08-18T05:30+01:00,14.553
0.3,2023-08-18T06:00+01:00,2023-08-18T06:00+01:00,15.519
0.276,2023-08-18T06:30+01:00,2023-08-18T06:30+01:00,16.8
0.332,2023-08-18T07:00+01:00,2023-08-18T07:00+01:00,15.855
0.497,2023-08-18T07:30+01:00,2023-08-18T07:30+01:00,22.2285
0.323,2023-08-18T08:00+01:00,2023-08-18T08:00+01:00,18.7425
0.359,2023-08-18T08:30+01:00,2023-08-18T08:30+01:00,21.8295
0.294,2023-08-18T09:00+01:00,2023-08-18T09:00+01:00,19.6245
0.328,2023-08-18T09:30+01:00,2023-08-18T09:30+01:00,20.727
0.302,2023-08-18T10:00+01:00,2023-08-18T10:00+01:00,19.7085
0.318,2023-08-18T10:30+01:00,2023-08-18T10:30+01:00,19.047
0.944,2023-08-18T11:00+01:00,2023-08-18T11:00+01:00,18.459
0.459,2023-08-18T11:30+01:00,2023-08-18T11:30+01:00,19.2465
0.295,2023-08-18T12:00+01:00,2023-08-18T12:00+01:00,17.64
0.329,2023-08-18T12:30+01:00,2023-08-18T12:30+01:00,17.199
0.303,2023-08-18T13:00+01:00,2023-08-18T13:00+01:00,16.317
0.332,2023-08-18T13:30+01:00,2023-08-18T13:30+01:00,15.6555
0.308,2023-08-18T14:00+01:00,2023-08-18T14:00+01:00,16.233
0.332,2023-08-18T14:30+01:00,2023-08-18T14:30+01:00,14.994
0.491,2023-08-18T15:00+01:00,2023-08-18T15:00+01:00,16.6005
0.317,2023-08-18T15:30+01:00,2023-08-18T15:30+01:00,16.758
0.419,2023-08-18T16:00+01:00,2023-08-18T16:00+01:00,30.681
0.327,2023-08-18T16:30+01:00,2023-08-18T16:30+01:00,32.6655
0.306,2023-08-18T17:00+01:00,2023-08-18T17:00+01:00,33.1065
0.286,2023-08-18T17:30+01:00,2023-08-18T17:30+01:00,34.4295
0.272,2023-08-18T18:00+01:00,2023-08-18T18:00+01:00,35.532
0.321,2023-08-18T18:30+01:00,2023-08-18T18:30+01:00,34.9125
0.334,2023-08-18T19:00+01:00,2023-08-18T19:00+01:00,23.289
0.332,2023-08-18T19:30+01:00,2023-08-18T19:30+01:00,22.491
0.325,2023-08-18T20:00+01:00,2023-08-18T20:00+01:00,22.848
0.324,2023-08-18T20:30+01:00,2023-08-18T20:30+01:00,21.525
0.357,2023-08-18T21:00+01:00,2023-08-18T21:00+01:00,21.252
0.36,2023-08-18T21:30+01:00,2023-08-18T21:30+01:00,16.0965
0.32,2023-08-18T22:00+01:00,2023-08-18T22:00+01:00,17.4195
0.329,2023-08-18T22:30+01:00,2023-08-18T22:30+01:00,16.359
0.299,2023-08-18T23:00+01:00,2023-08-18T23:00+01:00,22.2285
0.218,2023-08-18T23:30+01:00,2023-08-18T23:30+01:00,17.094
0.258,2023-08-19T00:00+01:00,2023-08-19T00:00+01:00,13.23
0.243,2023-08-19T00:30+01:00,2023-08-19T00:30+01:00,10.563
null,2023-08-19T01:00+01:00,2023-08-19T01:00+01:00,9.8595
null,2023-08-19T01:30+01:00,2023-08-19T01:30+01:00,9.261
null,2023-08-19T02:00+01:00,2023-08-19T02:00+01:00,8.82
null,2023-08-19T02:30+01:00,2023-08-19T02:30+01:00,7.056
null,2023-08-19T03:00+01:00,2023-08-19T03:00+01:00,5.376
null,2023-08-19T03:30+01:00,2023-08-19T03:30+01:00,3.9165
null,2023-08-19T04:00+01:00,2023-08-19T04:00+01:00,5.733
null,2023-08-19T04:30+01:00,2023-08-19T04:30+01:00,5.649
null,2023-08-19T05:00+01:00,2023-08-19T05:00+01:00,8.463
null,2023-08-19T05:30+01:00,2023-08-19T05:30+01:00,9.702
null,2023-08-19T06:00+01:00,2023-08-19T06:00+01:00,10.584
null,2023-08-19T06:30+01:00,2023-08-19T06:30+01:00,13.23
null,2023-08-19T07:00+01:00,2023-08-19T07:00+01:00,11.382
null,2023-08-19T07:30+01:00,2023-08-19T07:30+01:00,14.7105
null,2023-08-19T08:00+01:00,2023-08-19T08:00+01:00,11.445
null,2023-08-19T08:30+01:00,2023-08-19T08:30+01:00,13.4925
null,2023-08-19T09:00+01:00,2023-08-19T09:00+01:00,11.046
null,2023-08-19T09:30+01:00,2023-08-19T09:30+01:00,10.8045
null,2023-08-19T10:00+01:00,2023-08-19T10:00+01:00,7.833
null,2023-08-19T10:30+01:00,2023-08-19T10:30+01:00,7.7175
null,2023-08-19T11:00+01:00,2023-08-19T11:00+01:00,4.746
null,2023-08-19T11:30+01:00,2023-08-19T11:30+01:00,4.746
null,2023-08-19T12:00+01:00,2023-08-19T12:00+01:00,2.205
null,2023-08-19T12:30+01:00,2023-08-19T12:30+01:00,2.7825
null,2023-08-19T13:00+01:00,2023-08-19T13:00+01:00,5.5125
null,2023-08-19T13:30+01:00,2023-08-19T13:30+01:00,3.087
null,2023-08-19T14:00+01:00,2023-08-19T14:00+01:00,6.678
null,2023-08-19T14:30+01:00,2023-08-19T14:30+01:00,6.447
null,2023-08-19T15:00+01:00,2023-08-19T15:00+01:00,9.702
null,2023-08-19T15:30+01:00,2023-08-19T15:30+01:00,11.6445
null,2023-08-19T16:00+01:00,2023-08-19T16:00+01:00,26.9325
null,2023-08-19T16:30+01:00,2023-08-19T16:30+01:00,29.799
null,2023-08-19T17:00+01:00,2023-08-19T17:00+01:00,29.799
null,2023-08-19T17:30+01:00,2023-08-19T17:30+01:00,30.891
null,2023-08-19T18:00+01:00,2023-08-19T18:00+01:00,31.563
null,2023-08-19T18:30+01:00,2023-08-19T18:30+01:00,32.7495
null,2023-08-19T19:00+01:00,2023-08-19T19:00+01:00,21.147
null,2023-08-19T19:30+01:00,2023-08-19T19:30+01:00,20.9475
null,2023-08-19T20:00+01:00,2023-08-19T20:00+01:00,22.05
null,2023-08-19T20:30+01:00,2023-08-19T20:30+01:00,22.05
null,2023-08-19T21:00+01:00,2023-08-19T21:00+01:00,22.2915
null,2023-08-19T21:30+01:00,2023-08-19T21:30+01:00,20.1495
null,2023-08-19T22:00+01:00,2023-08-19T22:00+01:00,21.168
null,2023-08-19T22:30+01:00,2023-08-19T22:30+01:00,19.5405
null,2023-08-19T23:00+01:00,2023-08-19T23:00+01:00,19.404
null,2023-08-19T23:30+01:00,2023-08-19T23:30+01:00,20.0655
null,2023-08-20T00:00+01:00,2023-08-20T00:00+01:00,19.1835
null,2023-08-20T00:30+01:00,2023-08-20T00:30+01:00,19.5825
null,2023-08-20T01:00+01:00,2023-08-20T01:00+01:00,18.081
null,2023-08-20T01:30+01:00,2023-08-20T01:30+01:00,18.3015
null,2023-08-20T02:00+01:00,2023-08-20T02:00+01:00,18.081
null,2023-08-20T02:30+01:00,2023-08-20T02:30+01:00,18.7425
null,2023-08-20T03:00+01:00,2023-08-20T03:00+01:00,19.761
null,2023-08-20T03:30+01:00,2023-08-20T03:30+01:00,20.643
null,2023-08-20T04:00+01:00,2023-08-20T04:00+01:00,19.6245
null,2023-08-20T04:30+01:00,2023-08-20T04:30+01:00,20.727
null,2023-08-20T05:00+01:00,2023-08-20T05:00+01:00,18.3015
null,2023-08-20T05:30+01:00,2023-08-20T05:30+01:00,20.0445
null,2023-08-20T06:00+01:00,2023-08-20T06:00+01:00,19.047
null,2023-08-20T06:30+01:00,2023-08-20T06:30+01:00,19.845
null,2023-08-20T07:00+01:00,2023-08-20T07:00+01:00,17.976
null,2023-08-20T07:30+01:00,2023-08-20T07:30+01:00,20.4645
null,2023-08-20T08:00+01:00,2023-08-20T08:00+01:00,17.64
null,2023-08-20T08:30+01:00,2023-08-20T08:30+01:00,19.362
null,2023-08-20T09:00+01:00,2023-08-20T09:00+01:00,17.64
null,2023-08-20T09:30+01:00,2023-08-20T09:30+01:00,17.64
null,2023-08-20T10:00+01:00,2023-08-20T10:00+01:00,17.703
null,2023-08-20T10:30+01:00,2023-08-20T10:30+01:00,17.64
null,2023-08-20T11:00+01:00,2023-08-20T11:00+01:00,18.3015
null,2023-08-20T11:30+01:00,2023-08-20T11:30+01:00,17.619
null,2023-08-20T12:00+01:00,2023-08-20T12:00+01:00,17.64
null,2023-08-20T12:30+01:00,2023-08-20T12:30+01:00,16.758
null,2023-08-20T13:00+01:00,2023-08-20T13:00+01:00,15.435
null,2023-08-20T13:30+01:00,2023-08-20T13:30+01:00,12.9675
null,2023-08-20T14:00+01:00,2023-08-20T14:00+01:00,14.007
null,2023-08-20T14:30+01:00,2023-08-20T14:30+01:00,9.9225
null,2023-08-20T15:00+01:00,2023-08-20T15:00+01:00,16.5375
null,2023-08-20T15:30+01:00,2023-08-20T15:30+01:00,14.3325
null,2023-08-20T16:00+01:00,2023-08-20T16:00+01:00,30.0615
null,2023-08-20T16:30+01:00,2023-08-20T16:30+01:00,29.5365
null,2023-08-20T17:00+01:00,2023-08-20T17:00+01:00,32.088
null,2023-08-20T17:30+01:00,2023-08-20T17:30+01:00,31.8045
null,2023-08-20T18:00+01:00,2023-08-20T18:00+01:00,35.112
null,2023-08-20T18:30+01:00,2023-08-20T18:30+01:00,35.175
null,2023-08-20T19:00+01:00,2023-08-20T19:00+01:00,24.255
null,2023-08-20T19:30+01:00,2023-08-20T19:30+01:00,25.137
null,2023-08-20T20:00+01:00,2023-08-20T20:00+01:00,25.3995
null,2023-08-20T20:30+01:00,2023-08-20T20:30+01:00,25.2
null,2023-08-20T21:00+01:00,2023-08-20T21:00+01:00,22.848
null,2023-08-20T21:30+01:00,2023-08-20T21:30+01:00,22.071
null,2023-08-20T22:00+01:00,2023-08-20T22:00+01:00,21.168
null,2023-08-20T22:30+01:00,2023-08-20T22:30+01:00,19.404
null,2023-08-20T23:00+01:00,2023-08-20T23:00+01:00,21.063
null,2023-08-20T23:30+01:00,2023-08-20T23:30+01:00,22.2285
null,2023-08-21T00:00+01:00,2023-08-21T00:00+01:00,22.05
null,2023-08-21T00:30+01:00,2023-08-21T00:30+01:00,20.5065
null,2023-08-21T01:00+01:00,2023-08-21T01:00+01:00,19.2675
null,2023-08-21T01:30+01:00,2023-08-21T01:30+01:00,17.9025
null,2023-08-21T02:00+01:00,2023-08-21T02:00+01:00,18.7425
null,2023-08-21T02:30+01:00,2023-08-21T02:30+01:00,17.997
null,2023-08-21T03:00+01:00,2023-08-21T03:00+01:00,17.8395
null,2023-08-21T03:30+01:00,2023-08-21T03:30+01:00,17.5665
null,2023-08-21T04:00+01:00,2023-08-21T04:00+01:00,18.3435
null,2023-08-21T04:30+01:00,2023-08-21T04:30+01:00,17.1255
null,2023-08-21T05:00+01:00,2023-08-21T05:00+01:00,20.9475
null,2023-08-21T05:30+01:00,2023-08-21T05:30+01:00,22.05
null,2023-08-21T06:00+01:00,2023-08-21T06:00+01:00,22.3125
null,2023-08-21T06:30+01:00,2023-08-21T06:30+01:00,24.339
null,2023-08-21T07:00+01:00,2023-08-21T07:00+01:00,24.36
null,2023-08-21T07:30+01:00,2023-08-21T07:30+01:00,29.001
null,2023-08-21T08:00+01:00,2023-08-21T08:00+01:00,24.696
null,2023-08-21T08:30+01:00,2023-08-21T08:30+01:00,26.817
null,2023-08-21T09:00+01:00,2023-08-21T09:00+01:00,23.5935
null,2023-08-21T09:30+01:00,2023-08-21T09:30+01:00,21.8715
null,2023-08-21T10:00+01:00,2023-08-21T10:00+01:00,20.1075
null,2023-08-21T10:30+01:00,2023-08-21T10:30+01:00,17.997
null,2023-08-21T11:00+01:00,2023-08-21T11:00+01:00,18.081
null,2023-08-21T11:30+01:00,2023-08-21T11:30+01:00,17.241
null,2023-08-21T12:00+01:00,2023-08-21T12:00+01:00,19.6245
null,2023-08-21T12:30+01:00,2023-08-21T12:30+01:00,16.5375
null,2023-08-21T13:00+01:00,2023-08-21T13:00+01:00,18.7005
null,2023-08-21T13:30+01:00,2023-08-21T13:30+01:00,15.876
null,2023-08-21T14:00+01:00,2023-08-21T14:00+01:00,18.3435
null,2023-08-21T14:30+01:00,2023-08-21T14:30+01:00,16.002
null,2023-08-21T15:00+01:00,2023-08-21T15:00+01:00,20.286
null,2023-08-21T15:30+01:00,2023-08-21T15:30+01:00,20.286
null,2023-08-21T16:00+01:00,2023-08-21T16:00+01:00,33.5475
null,2023-08-21T16:30+01:00,2023-08-21T16:30+01:00,34.8495
null,2023-08-21T17:00+01:00,2023-08-21T17:00+01:00,34.4505
null,2023-08-21T17:30+01:00,2023-08-21T17:30+01:00,38.703
null,2023-08-21T18:00+01:00,2023-08-21T18:00+01:00,38.619
null,2023-08-21T18:30+01:00,2023-08-21T18:30+01:00,38.703
null,2023-08-21T19:00+01:00,2023-08-21T19:00+01:00,26.103
null,2023-08-21T19:30+01:00,2023-08-21T19:30+01:00,24.696
null,2023-08-21T20:00+01:00,2023-08-21T20:00+01:00,26.355
null,2023-08-21T20:30+01:00,2023-08-21T20:30+01:00,25.788
null,2023-08-21T21:00+01:00,2023-08-21T21:00+01:00,24.696
null,2023-08-21T21:30+01:00,2023-08-21T21:30+01:00,20.9265
null,2023-08-21T22:00+01:00,2023-08-21T22:00+01:00,17.8815
null,2023-08-21T22:30+01:00,2023-08-21T22:30+01:00,8.82
null, 2023-08-21T23:00+01:00, 2023-08-21T23:00+01:00, 19.845
null, 2023-08-21T23:30+01:00, 2023-08-21T23:30+01:00, 19.1415
null, 2023-08-22T00:00+01:00, 2023-08-22T00:00+01:00, 19.047
null, 2023-08-22T00:30+01:00, 2023-08-22T00:30+01:00, 18.3645
null, 2023-08-22T01:00+01:00, 2023-08-22T01:00+01:00, 17.9235
null, 2023-08-22T01:30+01:00, 2023-08-22T01:30+01:00, 17.283
null, 2023-08-22T02:00+01:00, 2023-08-22T02:00+01:00, 16.9785
null, 2023-08-22T02:30+01:00, 2023-08-22T02:30+01:00, 16.9785
null, 2023-08-22T03:00+01:00, 2023-08-22T03:00+01:00, 15.435
null, 2023-08-22T03:30+01:00, 2023-08-22T03:30+01:00, 15.435
null, 2023-08-22T04:00+01:00, 2023-08-22T04:00+01:00, 17.9025
null, 2023-08-22T04:30+01:00, 2023-08-22T04:30+01:00, 17.9025
null, 2023-08-22T05:00+01:00, 2023-08-22T05:00+01:00, 19.761
null, 2023-08-22T05:30+01:00, 2023-08-22T05:30+01:00, 19.95
null, 2023-08-22T06:00+01:00, 2023-08-22T06:00+01:00, 21.126
null, 2023-08-22T06:30+01:00, 2023-08-22T06:30+01:00, 22.071
null, 2023-08-22T07:00+01:00, 2023-08-22T07:00+01:00, 22.827
null, 2023-08-22T07:30+01:00, 2023-08-22T07:30+01:00, 26.46
null, 2023-08-22T08:00+01:00, 2023-08-22T08:00+01:00, 22.071
null, 2023-08-22T08:30+01:00, 2023-08-22T08:30+01:00, 22.449
null, 2023-08-22T09:00+01:00, 2023-08-22T09:00+01:00, 21.525
null, 2023-08-22T09:30+01:00, 2023-08-22T09:30+01:00, 20.0865
null, 2023-08-22T10:00+01:00, 2023-08-22T10:00+01:00, 19.404
null, 2023-08-22T10:30+01:00, 2023-08-22T10:30+01:00, 18.7635
null, 2023-08-22T11:00+01:00, 2023-08-22T11:00+01:00, 18.9735
null, 2023-08-22T11:30+01:00, 2023-08-22T11:30+01:00, 18.732
null, 2023-08-22T12:00+01:00, 2023-08-22T12:00+01:00, 18.081
null, 2023-08-22T12:30+01:00, 2023-08-22T12:30+01:00, 17.9025
null, 2023-08-22T13:00+01:00, 2023-08-22T13:00+01:00, 18.081
null, 2023-08-22T13:30+01:00, 2023-08-22T13:30+01:00, 17.997
null, 2023-08-22T14:00+01:00, 2023-08-22T14:00+01:00, 17.976
null, 2023-08-22T14:30+01:00, 2023-08-22T14:30+01:00, 17.745
null, 2023-08-22T15:00+01:00, 2023-08-22T15:00+01:00, 18.081
null, 2023-08-22T15:30+01:00, 2023-08-22T15:30+01:00, 18.081
null, 2023-08-22T16:00+01:00, 2023-08-22T16:00+01:00, 32.6025
null, 2023-08-22T16:30+01:00, 2023-08-22T16:30+01:00, 32.2245
null, 2023-08-22T17:00+01:00, 2023-08-22T17:00+01:00, 37.9995
null, 2023-08-22T17:30+01:00, 2023-08-22T17:30+01:00, 40.824
null, 2023-08-22T18:00+01:00, 2023-08-22T18:00+01:00, 45.15
null, 2023-08-22T18:30+01:00, 2023-08-22T18:30+01:00, 45.78
null, 2023-08-22T19:00+01:00, 2023-08-22T19:00+01:00, 33.957
null, 2023-08-22T19:30+01:00, 2023-08-22T19:30+01:00, 33.075
null, 2023-08-22T20:00+01:00, 2023-08-22T20:00+01:00, 32.4135
null, 2023-08-22T20:30+01:00, 2023-08-22T20:30+01:00, 33.2115
null, 2023-08-22T21:00+01:00, 2023-08-22T21:00+01:00, 30.87
null, 2023-08-22T21:30+01:00, 2023-08-22T21:30+01:00, 27.5625
null, 2023-08-22T22:00+01:00, 2023-08-22T22:00+01:00, 27.1635
null, 2023-08-22T22:30+01:00, 2023-08-22T22:30+01:00, 23.9715